seed,model,sampler_type,selector,int_time,logstep_jitter,mean_1st_dim,var_1st_dim,time,n_steps,miness,prop_log_diff,step_size
8,logearn_logheight_male,NUTS,standard,single_step,none,3.8452186627,7.182619197423271,32.682554962,712665,191.3700158652451,0.0,0.00656439
23,diamonds,HitAndRunSlicer,standard,single_step,none,6.61729864004978,0.005708027362998163,124.54949335,1.99149e6,132.56747429466665,1.0,10.0
21,garch11,NUTS,standard,single_step,none,5.052777469999999,0.013963489182481578,0.499979093,22731,415.56372845629954,0.0,0.303146
27,garch11,HitAndRunSlicer,standard,single_step,none,5.058196367854777,0.01603302450013492,1.1449697680000002,51605.0,160.38173422748088,1.0,10.0
9,eight_school_noncentered,NUTS,standard,single_step,none,0.3415002313599999,0.9251027394330926,0.118567052,18242,513.7778005687537,0.0,0.404307
15,kilpisjarvi,NUTS,standard,single_step,none,-63.409699213,886.95054697961,3.215298705,1122954,239.95884223694057,0.0,0.00317841
1,diamonds,HitAndRunSlicer,standard,single_step,none,6.70238394934838,0.053683843131302776,239.96863227699998,3.924105e6,267.10053302921983,1.0,10.0
14,garch11,NUTS,standard,single_step,none,5.059586509999999,0.015592545492812715,0.63678949,22121,384.1422341060974,0.0,0.317434
1,logearn_logheight_male,HitAndRunSlicer,standard,single_step,none,4.28729508254054,5.668381012667574,13.60635491,1.478563e6,154.76666649201206,1.0,10.0
25,gp_pois_regr,HitAndRunSlicer,standard,single_step,none,5.622031035782629,0.4822261829973029,10.883234738999999,1.348531e6,141.96586650993103,1.0,10.0
20,gp_pois_regr,HitAndRunSlicer,standard,single_step,none,5.787270335496942,0.6095327547950392,8.953118871000001,1.343829e6,139.74684497765895,1.0,10.0
2,garch11,NUTS,standard,single_step,none,5.050277540000001,0.016032572640789187,0.602705525,22144,389.9388441281435,0.0,0.318792
2,diamonds,HitAndRunSlicer,standard,single_step,none,6.8695697280268195,0.10575042647290346,117.77822860699999,1.976053e6,103.14967425407944,1.0,10.0
4,eight_school_noncentered,HitAndRunSlicer,standard,single_step,none,0.2478440994014111,1.0152300019352225,0.706116458,94889.0,151.04756558222786,1.0,10.0
28,diamonds,HitAndRunSlicer,standard,single_step,none,6.643947691487358,0.05211926846819789,119.006214176,1.889192e6,132.60518815054738,1.0,10.0
2,lotka_volterra,NUTS,standard,single_step,none,0.548807193,0.004385859105725478,11.57180137,71308,275.8331202562451,0.0,0.101816
29,lotka_volterra,NUTS,standard,single_step,none,0.549690377,0.004845635503372242,12.21116466,76296,250.95742326539744,0.0,0.0988669
20,gp_pois_regr,NUTS,standard,single_step,none,5.71151377,0.420351435473961,3.003133322,339487,293.6512860050042,0.0,0.0245852
7,diamonds,HitAndRunSlicer,standard,single_step,none,6.530565582564594,0.05415835673365968,227.55045454,3.87219e6,197.20656927102158,1.0,10.0
21,gp_pois_regr,NUTS,standard,single_step,none,5.673156770000001,0.43887956114160875,3.106998213,316864,264.0236031474137,0.0,0.028358
20,garch11,NUTS,standard,single_step,none,5.03793935,0.014743173831709208,0.572072596,23324,378.8742140602349,0.0,0.323337
17,kilpisjarvi,NUTS,standard,single_step,none,-61.964144010000005,835.4368093874896,2.99630221,1075685,260.7917026186271,0.0,0.00353323
14,eight_school_noncentered,NUTS,standard,single_step,none,0.29353746589999996,1.0497274605968192,0.182993149,18139,564.8734261272186,0.0,0.450804
11,garch11,NUTS,standard,single_step,none,5.050405070000001,0.01438811767146657,0.621355185,23317,344.5386007962631,0.0,0.28088
3,garch11,NUTS,standard,single_step,none,5.052531200000001,0.014009566810770775,0.632813815,21456,527.2090836481299,0.0,0.336867
21,lotka_volterra,HitAndRunSlicer,standard,single_step,none,0.5434003319402244,0.004122761551825081,90.94031994,588271.0,119.91951174488648,1.0,10.0
23,eight_school_noncentered,HitAndRunSlicer,standard,single_step,none,0.35447320697377604,0.8922481928428995,0.72343798,95118.0,111.04115408838143,1.0,10.0
22,gp_pois_regr,NUTS,standard,single_step,none,5.603081410000001,0.4060298625522641,3.391844424,346195,361.6301316184346,0.0,0.0240094
14,gp_pois_regr,HitAndRunSlicer,standard,single_step,none,5.513165498618694,0.4029120931291211,10.518647140999999,1.337055e6,144.86079248611824,1.0,10.0
25,garch11,HitAndRunSlicer,standard,single_step,none,5.04768672395312,0.015718727543974395,1.300432718,51826.0,120.13077400482598,1.0,10.0
11,logearn_logheight_male,HitAndRunSlicer,standard,single_step,none,3.3351426518256924,5.869835679159361,13.490029131,1.499169e6,152.69815070218488,1.0,10.0
27,diamonds,HitAndRunSlicer,standard,single_step,none,6.57520878548809,0.08072162249405082,126.36987653400001,2.014395e6,124.83048310664705,1.0,10.0
13,logearn_logheight_male,HitAndRunSlicer,standard,single_step,none,3.549563433579265,5.020333157814449,13.317585556000001,1.49471e6,157.6144106988093,1.0,10.0
14,gp_pois_regr,NUTS,standard,single_step,none,5.6229951,0.4822567896802702,3.315062503,341666,300.83014878462046,0.0,0.0264199
24,kilpisjarvi,HitAndRunSlicer,standard,single_step,none,-49.89911020599696,521.6154489934554,2.741959842,2.060061e6,146.44769291062943,1.0,10.0
20,eight_school_noncentered,HitAndRunSlicer,standard,single_step,none,0.3240095734940568,1.0629346792035839,0.6137904890000001,46980.0,100.92276629720556,1.0,10.0
28,diamonds,NUTS,standard,single_step,none,6.665576250000001,0.06139072273597347,134.239920116,1634786,252.54899450898066,0.0,0.00376657
1,logearn_logheight_male,NUTS,standard,single_step,none,3.463865362689999,6.146409946996579,35.88748683,782035,297.63829764564593,0.0,0.00614954
29,diamonds,NUTS,standard,single_step,none,6.6645778600000005,0.06300254960042083,130.00266395,1624157,228.59318648568546,0.0,0.00395256
19,lotka_volterra,HitAndRunSlicer,standard,single_step,none,0.5474002309779932,0.004439982336582611,88.92151106899999,580103.0,114.81728172831549,1.0,10.0
26,gp_pois_regr,NUTS,standard,single_step,none,5.637760140000001,0.4175904210760565,3.452840642,355141,258.8849664924113,0.0,0.0246011
12,eight_school_noncentered,NUTS,standard,single_step,none,0.3654513438210001,1.050082826678977,0.111305936,21487,509.69934295914396,0.0,0.395755
5,kilpisjarvi,HitAndRunSlicer,standard,single_step,none,-62.595343426092015,648.5049309442595,2.479313265,2.071694e6,145.42137162633298,1.0,10.0
19,logearn_logheight_male,NUTS,standard,single_step,none,3.73240390611,6.521779035796456,27.983108542,715290,353.1366967551357,0.0,0.00640516
22,eight_school_noncentered,HitAndRunSlicer,standard,single_step,none,0.3417438552170411,1.0202396639609856,0.717803062,94724.0,173.65557897480204,1.0,10.0
12,diamonds,HitAndRunSlicer,standard,single_step,none,6.801898475501744,0.03699308157834811,241.28272190799998,3.906335e6,265.16615792937375,1.0,10.0
13,gp_pois_regr,NUTS,standard,single_step,none,5.65822476,0.4719466114397822,3.219627664,335701,379.45919179903615,0.0,0.0254788
29,eight_school_noncentered,HitAndRunSlicer,standard,single_step,none,0.24853201783394138,0.8682922272533371,0.73809394,94749.0,198.86435545247997,1.0,10.0
26,lotka_volterra,NUTS,standard,single_step,none,0.5533587609999998,0.00416164931651039,11.545205374,64123,245.07818469960375,0.0,0.12137
24,gp_pois_regr,NUTS,standard,single_step,none,5.652072910000001,0.441106178489121,3.376459356,346609,371.3645837361426,0.0,0.0245657
23,lotka_volterra,HitAndRunSlicer,standard,single_step,none,0.5578260322846327,0.004254246045170749,92.248306423,588919.0,119.43124272394532,1.0,10.0
23,garch11,HitAndRunSlicer,standard,single_step,none,5.0517564015407,0.014989022392778974,1.262145774,51696.0,147.99917612439037,1.0,10.0
3,garch11,HitAndRunSlicer,standard,single_step,none,5.054707225886709,0.0143120916364626,0.9385121879999999,25662.0,129.2124184391098,1.0,10.0
28,eight_school_noncentered,HitAndRunSlicer,standard,single_step,none,0.37041487588462685,0.9448503600828941,0.7347536659999998,94427.0,241.28343167698208,1.0,10.0
8,gp_pois_regr,HitAndRunSlicer,standard,single_step,none,5.4151468129367375,0.43555886337675276,10.911078164,1.346709e6,140.52628960538755,1.0,10.0
18,diamonds,NUTS,standard,single_step,none,6.658315289999999,0.05964289947739331,133.128119515,1614656,253.00129427640505,0.0,0.00355763
10,lotka_volterra,HitAndRunSlicer,standard,single_step,none,0.5475346826209494,0.0040555905328046185,91.757139474,588707.0,125.55529735924694,1.0,10.0
4,eight_school_noncentered,NUTS,standard,single_step,none,0.31366132529699997,1.0700761870811684,0.126038935,21017,690.720587301035,0.0,0.375765
6,gp_pois_regr,HitAndRunSlicer,standard,single_step,none,5.676920492414926,0.49533273433353814,10.604278574000002,1.355097e6,138.86976878202572,1.0,10.0
25,diamonds,HitAndRunSlicer,standard,single_step,none,6.501331555471264,0.009906274462955418,127.30042259300001,2.039161e6,133.20163070763886,1.0,10.0
28,logearn_logheight_male,HitAndRunSlicer,standard,single_step,none,3.9604145840482845,7.541415514004619,11.679733619,1.528238e6,149.03519387629333,1.0,10.0
11,gp_pois_regr,HitAndRunSlicer,standard,single_step,none,5.717138118657862,0.4282843129472583,10.809510308,1.345124e6,143.40742847316994,1.0,10.0
20,kilpisjarvi,HitAndRunSlicer,standard,single_step,none,-62.465119946053726,676.6620134128672,2.650766297,2.066994e6,145.16991305201728,1.0,10.0
9,diamonds,HitAndRunSlicer,standard,single_step,none,6.849226452771386,0.02158451137607065,118.65390082100001,1.986953e6,131.50901208247598,1.0,10.0
1,gp_pois_regr,NUTS,standard,single_step,none,5.727045520000001,0.5560258655216515,2.787543779,285156,279.75009047473463,0.0,0.0334145
14,logearn_logheight_male,HitAndRunSlicer,standard,single_step,none,3.7998559096621523,5.708444537936941,11.834619854,1.520449e6,153.07653448178908,1.0,10.0
18,kilpisjarvi,NUTS,standard,single_step,none,-64.36417149700002,829.1789563372713,3.120930521,1132006,215.42330343121878,0.0,0.00247098
12,diamonds,NUTS,standard,single_step,none,6.666426200000001,0.06289981094750752,133.365546048,1645622,276.9942899585595,0.0,0.00384223
3,eight_school_noncentered,HitAndRunSlicer,standard,single_step,none,0.3829150230668223,0.9738414806911427,0.8046771760000001,94427.0,220.45318490407678,1.0,10.0
9,gp_pois_regr,HitAndRunSlicer,standard,single_step,none,5.5980972198124785,0.4003808112762044,10.742084353,1.354093e6,143.0990012779937,1.0,10.0
18,gp_pois_regr,HitAndRunSlicer,standard,single_step,none,5.729388614628135,0.40469083080277296,10.668341452,1.354394e6,142.68993776133794,1.0,10.0
11,eight_school_noncentered,NUTS,standard,single_step,none,0.33622794593999994,1.0636840337909506,0.096876638,16784,581.8577271040883,0.0,0.499189
21,diamonds,HitAndRunSlicer,standard,single_step,none,6.745250462158015,0.06271772959642662,118.344011068,1.883737e6,132.14332561547673,1.0,10.0
5,diamonds,NUTS,standard,single_step,none,6.645048730000001,0.062343797010497595,127.020041509,1593230,178.99185965064663,0.0,0.00406053
13,lotka_volterra,NUTS,standard,single_step,none,0.5484888459999999,0.004118923766038321,10.539575864,65829,254.30382888146747,0.0,0.118012
10,kilpisjarvi,HitAndRunSlicer,standard,single_step,none,-59.05986666040722,783.6566678030835,2.410781258,2.05775e6,140.92766819464555,1.0,10.0
4,diamonds,HitAndRunSlicer,standard,single_step,none,6.838699654922091,0.021679835917890373,124.833483019,1.890901e6,131.4446822390528,1.0,10.0
25,kilpisjarvi,NUTS,standard,single_step,none,-59.80124862499999,833.1852896200339,3.286178905,1171884,205.7307390260688,0.0,0.0029377
7,gp_pois_regr,HitAndRunSlicer,standard,single_step,none,5.916591778493192,0.513933285488758,10.639835542,1.33651e6,139.13876592400644,1.0,10.0
5,diamonds,HitAndRunSlicer,standard,single_step,none,6.525019329869471,0.021183317591350444,111.873971831,1.857015e6,133.21732806631857,1.0,10.0
27,gp_pois_regr,HitAndRunSlicer,standard,single_step,none,5.602836446312236,0.41159142970239604,10.56251622,1.351412e6,143.6352446170399,1.0,10.0
2,gp_pois_regr,HitAndRunSlicer,standard,single_step,none,5.732352108691486,0.5187454434325433,10.553030347,1.342091e6,142.21655891296325,1.0,10.0
24,lotka_volterra,NUTS,standard,single_step,none,0.549969266,0.00400276603691616,10.612911531,66177,234.49969163249398,0.0,0.124919
28,gp_pois_regr,HitAndRunSlicer,standard,single_step,none,5.501482296354977,0.3331523238007239,10.62476178,1.346842e6,144.41593144471454,1.0,10.0
11,kilpisjarvi,HitAndRunSlicer,standard,single_step,none,-68.92765695312514,888.5197965181802,2.876621672,2.06619e6,141.50575646148118,1.0,10.0
14,garch11,HitAndRunSlicer,standard,single_step,none,5.050199198844629,0.01536442045611367,1.1544913989999999,51066.0,109.22453622466436,1.0,10.0
15,lotka_volterra,NUTS,standard,single_step,none,0.5454837229999999,0.003580923369063334,10.669418993,65044,283.95070733945187,0.0,0.116833
30,eight_school_noncentered,HitAndRunSlicer,standard,single_step,none,0.31128349104822145,0.8813731039704575,0.606299876,47686.0,101.19064484839451,1.0,10.0
29,kilpisjarvi,NUTS,standard,single_step,none,-59.51825874199999,819.7857688597884,3.151100073,1118124,212.93636307722227,0.0,0.00333093
10,garch11,NUTS,standard,single_step,none,5.0554416500000015,0.013166773604982484,0.576493087,21700,395.6919884927741,0.0,0.330992
14,diamonds,HitAndRunSlicer,standard,single_step,none,6.669798332193263,0.0537647873532255,117.000857436,1.914695e6,132.92555384599584,1.0,10.0
2,logearn_logheight_male,NUTS,standard,single_step,none,3.47404992536,6.22777190392848,36.200538261,721552,331.8118939345193,0.0,0.00640975
8,diamonds,NUTS,standard,single_step,none,6.649196130000001,0.062525806394918,131.09398547,1634542,162.83528079610036,0.0,0.00394471
9,garch11,NUTS,standard,single_step,none,5.042047909999999,0.01563093512325515,0.595528321,21242,492.1900864861766,0.0,0.342271
28,logearn_logheight_male,NUTS,standard,single_step,none,3.6759263644200004,6.731010799933339,33.388780372,731118,286.3669431696916,0.0,0.00697734
1,lotka_volterra,NUTS,standard,single_step,none,0.549106966,0.0044756247564452884,9.956418149,61211,251.36683593218513,0.0,0.130651
28,gp_pois_regr,NUTS,standard,single_step,none,5.654637109999999,0.44836716137131916,3.420559799,352739,347.5050213726313,0.0,0.0243145
14,eight_school_noncentered,HitAndRunSlicer,standard,single_step,none,0.4105218338139199,0.9669757749633378,0.7558614440000001,95110.0,179.41071273774767,1.0,10.0
12,garch11,NUTS,standard,single_step,none,5.04855641,0.015712567335147042,0.647601367,22196,306.53659136232125,0.0,0.337573
26,garch11,NUTS,standard,single_step,none,5.049976900000001,0.015098444867057054,0.550807806,21597,486.4943586208847,0.0,0.317102
9,logearn_logheight_male,HitAndRunSlicer,standard,single_step,none,4.411732351186788,5.773542233573748,12.226849870999999,1.507341e6,153.0533215333036,1.0,10.0
23,logearn_logheight_male,HitAndRunSlicer,standard,single_step,none,3.7951421809265464,6.206773077168857,11.539333147,1.482835e6,150.2200053697861,1.0,10.0
14,lotka_volterra,HitAndRunSlicer,standard,single_step,none,0.5532474719460826,0.004307942534872716,90.470432587,587429.0,120.43328151344971,1.0,10.0
6,kilpisjarvi,HitAndRunSlicer,standard,single_step,none,-70.55691953194193,612.4581352415643,2.430375055,2.105731e6,145.7947696788165,1.0,10.0
5,gp_pois_regr,NUTS,standard,single_step,none,5.72690234,0.49935661915427865,2.822112317,289124,276.08330559734594,0.0,0.032059
26,eight_school_noncentered,HitAndRunSlicer,standard,single_step,none,0.3183637523576926,0.9237440083887518,0.699811049,94418.0,137.32763282909153,1.0,10.0
12,gp_pois_regr,NUTS,standard,single_step,none,5.66480993,0.4602062255604555,3.497187591,362812,298.5599075147412,0.0,0.0229852
16,logearn_logheight_male,NUTS,standard,single_step,none,3.70582488765,6.127023362179185,33.836672847,731886,320.77935715876004,0.0,0.00688769
7,kilpisjarvi,NUTS,standard,single_step,none,-57.631560663109994,892.1544782084526,3.056873661,1070591,201.12011525479852,0.0,0.00360867
15,lotka_volterra,HitAndRunSlicer,standard,single_step,none,0.56325906555368,0.005263649141539609,92.213715747,583704.0,113.67383541251213,1.0,10.0
1,diamonds,NUTS,standard,single_step,none,6.66118078,0.0659504484932849,131.39171175,1579171,240.20280749574903,0.0,0.00410104
18,garch11,HitAndRunSlicer,standard,single_step,none,5.051443310962333,0.015780084510927644,1.9950591109999998,102869.0,363.97416341636256,1.0,10.0
6,diamonds,NUTS,standard,single_step,none,6.653010270000001,0.06929719161704415,124.177235913,1495658,215.14838647234316,0.0,0.00430595
25,lotka_volterra,HitAndRunSlicer,standard,single_step,none,0.5496755931357926,0.004337901425471243,91.383246261,587313.0,123.44471298979795,1.0,10.0
20,kilpisjarvi,NUTS,standard,single_step,none,-61.11889805,874.9673325416085,2.535753006,1078304,290.7671455918559,0.0,0.00424763
16,logearn_logheight_male,HitAndRunSlicer,standard,single_step,none,3.5679588928867934,7.860897122150749,13.319396844,1.491854e6,145.23062728280277,1.0,10.0
18,eight_school_noncentered,HitAndRunSlicer,standard,single_step,none,0.26543188152299,1.004994809276638,0.6919921450000001,95194.0,234.46014457959703,1.0,10.0
27,logearn_logheight_male,NUTS,standard,single_step,none,3.4121646985,6.289754499724668,33.736080975,727229,322.2004071065594,0.0,0.00660131
7,garch11,HitAndRunSlicer,standard,single_step,none,5.043477914590248,0.014719516641464427,1.2815209040000002,51816.0,121.86127253564811,1.0,10.0
3,diamonds,HitAndRunSlicer,standard,single_step,none,6.690179406760412,0.06191544154041629,115.65067137,1.89238e6,133.0446040062876,1.0,10.0
17,garch11,NUTS,standard,single_step,none,5.04967916,0.015342754112406804,0.588211758,23341,431.1097046834154,0.0,0.281098
15,diamonds,NUTS,standard,single_step,none,6.67013485,0.06358728373130881,141.552954912,1645918,270.44874872614326,0.0,0.00320538
22,logearn_logheight_male,HitAndRunSlicer,standard,single_step,none,3.8015180949627885,6.700562129980833,12.175224280000002,1.516719e6,147.38081782140904,1.0,10.0
30,diamonds,NUTS,standard,single_step,none,6.65164625,0.06266974652936687,132.374970571,1629041,206.61400134929403,0.0,0.00346694
14,diamonds,NUTS,standard,single_step,none,6.6602098100000005,0.06592802322428817,127.081007514,1565661,239.56335225833087,0.0,0.00412292
6,garch11,HitAndRunSlicer,standard,single_step,none,5.057463995927188,0.014407048020786354,1.245492941,51604.0,140.02420413690731,1.0,10.0
19,kilpisjarvi,NUTS,standard,single_step,none,-61.34087887,932.3528885838311,3.217988049,1160411,240.03624873669298,0.0,0.00336105
22,gp_pois_regr,HitAndRunSlicer,standard,single_step,none,5.740471812739911,0.19809043417756478,10.545544684,1.343894e6,143.28784204713455,1.0,10.0
24,diamonds,NUTS,standard,single_step,none,6.66657546,0.06444588698457297,130.601699884,1604254,249.11450199018114,0.0,0.0033346
12,lotka_volterra,HitAndRunSlicer,standard,single_step,none,0.5408157707094381,0.0034873557770288216,92.714526673,586654.0,139.1559973873038,1.0,10.0
8,eight_school_noncentered,NUTS,standard,single_step,none,0.3038693571499999,0.9944368325199631,0.17836626,17067,620.880331323452,0.0,0.442478
2,logearn_logheight_male,HitAndRunSlicer,standard,single_step,none,3.3006258202224625,5.537682394390271,12.762826459,1.503672e6,149.50765089131946,1.0,10.0
23,logearn_logheight_male,NUTS,standard,single_step,none,3.4119760907799996,6.489538488017993,36.357839851,709113,194.85660413577207,0.0,0.00705306
1,kilpisjarvi,NUTS,standard,single_step,none,-61.44541450699999,885.1906042886095,3.268871298,1150253,206.0778834963788,0.0,0.0028127
16,lotka_volterra,HitAndRunSlicer,standard,single_step,none,0.5416142469350477,0.0037731585845526823,92.80123266300001,589949.0,117.45116899334332,1.0,10.0
10,garch11,HitAndRunSlicer,standard,single_step,none,5.049043102713727,0.015789278050395462,0.9037019109999999,25870.0,104.18546996823396,1.0,10.0
4,kilpisjarvi,NUTS,standard,single_step,none,-60.223335099,884.1530334688581,2.728300821,1126759,211.33524561839928,0.0,0.00367224
7,lotka_volterra,NUTS,standard,single_step,none,0.556213676,0.0037030648087998243,11.451889613,69581,268.66293219750565,0.0,0.098578
19,garch11,HitAndRunSlicer,standard,single_step,none,5.052588507702505,0.015271540513019956,1.2786565790000002,52241.0,176.3718694850225,1.0,10.0
5,logearn_logheight_male,HitAndRunSlicer,standard,single_step,none,4.328021441945565,5.830975194810274,12.343630031,1.507117e6,150.3461371721158,1.0,10.0
21,eight_school_noncentered,HitAndRunSlicer,standard,single_step,none,0.31420920788256007,0.9832869269816142,0.5970377070000001,47673.0,103.83991812704339,1.0,10.0
18,logearn_logheight_male,HitAndRunSlicer,standard,single_step,none,3.66495410803946,8.112431897488056,12.094426784,1.488552e6,148.35732947357948,1.0,10.0
22,diamonds,HitAndRunSlicer,standard,single_step,none,6.694479517763596,0.010914753138252718,121.991532065,1.970136e6,133.65977453749127,1.0,10.0
2,eight_school_noncentered,HitAndRunSlicer,standard,single_step,none,0.4090254959379585,1.0466374085730346,0.634284748,47371.0,124.08511629456676,1.0,10.0
24,eight_school_noncentered,HitAndRunSlicer,standard,single_step,none,0.3310410116531002,0.9732729368709412,0.580707973,47092.0,108.10277252990707,1.0,10.0
4,diamonds,NUTS,standard,single_step,none,6.65012432,0.05834519979633394,137.52879154,1660394,208.59563981777458,0.0,0.00361098
21,garch11,HitAndRunSlicer,standard,single_step,none,5.0467860527340145,0.013771583194183281,1.2447832719999998,51389.0,192.3144806575526,1.0,10.0
29,logearn_logheight_male,NUTS,standard,single_step,none,3.5358583745099996,6.98753028580624,33.209909406,693652,200.9014025038831,0.0,0.00783771
17,logearn_logheight_male,HitAndRunSlicer,standard,single_step,none,3.613270645091018,5.2983339871363855,11.917005084,1.492296e6,157.90566657259447,1.0,10.0
19,gp_pois_regr,NUTS,standard,single_step,none,5.65405192,0.44868736677288645,3.024108464,341766,301.5874939522581,0.0,0.027378
10,diamonds,HitAndRunSlicer,standard,single_step,none,6.610254221740746,0.0818708801017014,116.793676234,1.963392e6,132.3329189682149,1.0,10.0
4,logearn_logheight_male,HitAndRunSlicer,standard,single_step,none,3.8615160084331115,7.98555129855792,12.27519827,1.505346e6,145.30631296960337,1.0,10.0
7,eight_school_noncentered,NUTS,standard,single_step,none,0.29437965029300006,0.9210977110510052,0.097150965,17198,494.56910423952036,0.0,0.424151
11,lotka_volterra,NUTS,standard,single_step,none,0.548271435,0.004545545402656432,10.807719172,66974,223.94755067126943,0.0,0.116075
19,eight_school_noncentered,HitAndRunSlicer,standard,single_step,none,0.40558032755087603,0.9131750672561182,0.7569496670000001,94893.0,194.93386797997502,1.0,10.0
11,logearn_logheight_male,NUTS,standard,single_step,none,3.5759725431100007,6.362423733529212,31.154230604,649916,246.90626767808175,0.0,0.00844734
5,eight_school_noncentered,NUTS,standard,single_step,none,0.32283009789,0.8081120867279669,0.093035801,19343,617.9380479952481,0.0,0.42558
7,logearn_logheight_male,NUTS,standard,single_step,none,3.5232283078099997,7.182961870917927,32.110353227,688012,266.77595993437143,0.0,0.00676582
2,lotka_volterra,HitAndRunSlicer,standard,single_step,none,0.5428583168943807,0.0032162329752553525,92.35614366,590211.0,136.32601821334984,1.0,10.0
23,garch11,NUTS,standard,single_step,none,5.04962358,0.014674705608191793,0.545854025,21420,479.2829974501877,0.0,0.324006
13,gp_pois_regr,HitAndRunSlicer,standard,single_step,none,5.615329498055081,0.39420696904022345,10.782284747,1.357769e6,141.75955687128229,1.0,10.0
6,kilpisjarvi,NUTS,standard,single_step,none,-59.54543664899999,1017.3233774371992,3.169974289,1125514,167.5483263957947,0.0,0.00328028
26,logearn_logheight_male,HitAndRunSlicer,standard,single_step,none,3.7082254730884245,4.521169745417758,12.40211518,1.530248e6,154.96503425916663,1.0,10.0
17,diamonds,NUTS,standard,single_step,none,6.662641930000001,0.06259408158055565,133.843650307,1667248,219.80165611332401,0.0,0.00331508
30,kilpisjarvi,NUTS,standard,single_step,none,-57.325835526999995,909.0992170721576,3.26576662,1147374,221.7437576011644,0.0,0.00304833
5,logearn_logheight_male,NUTS,standard,single_step,none,3.6182957790999994,7.120639777635782,32.156138392,703793,263.6238268416917,0.0,0.00758126
26,diamonds,NUTS,standard,single_step,none,6.662037999999999,0.05951555678958959,132.111881643,1637389,241.86126326517734,0.0,0.0035267
30,lotka_volterra,NUTS,standard,single_step,none,0.5457145800000001,0.0038591131462578578,10.907675806,62505,272.98439207393903,0.0,0.0445452
25,eight_school_noncentered,NUTS,standard,single_step,none,0.28977214368,0.9403592292636107,0.130194017,20544,567.3830503298475,0.0,0.376606
28,kilpisjarvi,NUTS,standard,single_step,none,-59.79012381690001,868.5657387515721,3.215276158,1151182,211.05867076162525,0.0,0.00342522
10,eight_school_noncentered,HitAndRunSlicer,standard,single_step,none,0.367604308673063,0.9778526548763833,0.777412956,94495.0,216.7905807906108,1.0,10.0
5,garch11,NUTS,standard,single_step,none,5.041247589999999,0.01524331793742933,0.556017426,21903,340.46031242006376,0.0,0.345028
9,garch11,HitAndRunSlicer,standard,single_step,none,5.04893239632633,0.014824447887798277,1.240802268,51030.0,244.31502860855394,1.0,10.0
18,garch11,NUTS,standard,single_step,none,5.0535904899999995,0.015319055252312214,0.600822678,23782,527.7417987824376,0.0,0.306014
27,eight_school_noncentered,NUTS,standard,single_step,none,0.294642823505,1.0035559447537024,0.09413382,15862,486.17585672848276,0.0,0.505728
11,kilpisjarvi,NUTS,standard,single_step,none,-61.789400271000005,929.8337930416494,3.043018138,1077624,256.7495319352959,0.0,0.00340721
2,gp_pois_regr,NUTS,standard,single_step,none,5.701135610000001,0.4854208868080359,2.948173602,304092,333.12774290832937,0.0,0.0290299
1,lotka_volterra,HitAndRunSlicer,standard,single_step,none,0.5333324734266394,0.003635667899468707,93.04909659500001,590606.0,118.89083084881533,1.0,10.0
28,lotka_volterra,NUTS,standard,single_step,none,0.5487627290000001,0.003724115450588147,11.658313736,73552,290.97540750525104,0.0,0.101034
3,diamonds,NUTS,standard,single_step,none,6.660096530000001,0.06417230679965877,141.607529451,1613376,239.48601026624672,0.0,0.00404603
28,lotka_volterra,HitAndRunSlicer,standard,single_step,none,0.5527353820435116,0.004477767197374157,92.275486974,589376.0,118.1350223418894,1.0,10.0
18,diamonds,HitAndRunSlicer,standard,single_step,none,6.580199238287983,0.02447580173429866,117.080794357,1.941175e6,132.1347892840497,1.0,10.0
16,kilpisjarvi,NUTS,standard,single_step,none,-58.77546133349999,869.8894430812213,3.10999146,1097405,352.0859521918802,0.0,0.00368638
19,gp_pois_regr,HitAndRunSlicer,standard,single_step,none,5.959307490087547,0.5775746194694285,10.90651046,1.341829e6,139.3827434949484,1.0,10.0
5,lotka_volterra,HitAndRunSlicer,standard,single_step,none,0.5584791196792402,0.004461971855349165,89.990201142,582712.0,110.7028884378325,1.0,10.0
29,gp_pois_regr,NUTS,standard,single_step,none,5.66626489,0.428195594481069,2.885927475,294250,331.9031602636441,0.0,0.0309734
21,eight_school_noncentered,NUTS,standard,single_step,none,0.334144711683,0.9468952872803896,0.120011352,17043,653.011384115374,0.0,0.445871
29,garch11,NUTS,standard,single_step,none,5.054397429999999,0.016810991999894997,0.615353757,21815,493.3644441611294,0.0,0.337849
5,kilpisjarvi,NUTS,standard,single_step,none,-58.336816346000006,844.6826033736805,3.116296308,1102555,248.67916000699523,0.0,0.00349369
9,eight_school_noncentered,HitAndRunSlicer,standard,single_step,none,0.26812509190926503,1.0024473661598068,0.75382589,94457.0,170.55613423248252,1.0,10.0
7,diamonds,NUTS,standard,single_step,none,6.655950140000001,0.06503102986484524,129.121004225,1593770,211.95053856300075,0.0,0.00412145
2,diamonds,NUTS,standard,single_step,none,6.65167879,0.056442041101137035,132.782365341,1614028,242.7152168595776,0.0,0.00410616
26,diamonds,HitAndRunSlicer,standard,single_step,none,6.731518784258929,0.042650897308996134,110.639181232,1.809948e6,131.62555033966112,1.0,10.0
16,lotka_volterra,NUTS,standard,single_step,none,0.5473535009999999,0.004606606711707706,10.521461906,65516,208.4201130425473,0.0,0.113098
14,logearn_logheight_male,NUTS,standard,single_step,none,3.60820933707,7.145359162143607,37.186235485,690663,219.01505370744857,0.0,0.00699102
8,lotka_volterra,NUTS,standard,single_step,none,0.54061379,0.004241537164708609,11.714558878,72973,164.43741599736992,0.0,0.101862
17,diamonds,HitAndRunSlicer,standard,single_step,none,6.55291754849751,0.0947011916246491,118.067029584,1.842575e6,104.94297468542781,1.0,10.0
27,logearn_logheight_male,HitAndRunSlicer,standard,single_step,none,3.8827976489228178,5.681549781030372,11.569585918000001,1.507018e6,156.31302262490536,1.0,10.0
10,diamonds,NUTS,standard,single_step,none,6.6464067799999995,0.061130715636668276,126.491499011,1549101,193.4652566590929,0.0,0.00430316
2,eight_school_noncentered,NUTS,standard,single_step,none,0.28128209051819997,0.9849438883535436,0.095884179,16094,750.0288316441873,0.0,0.502898
16,garch11,NUTS,standard,single_step,none,5.049906760000001,0.014095323728230628,0.583340155,21869,415.77088575388746,0.0,0.301876
23,kilpisjarvi,HitAndRunSlicer,standard,single_step,none,-65.76469644578115,615.7525801041721,2.388689162,2.066597e6,150.58709130138047,1.0,10.0
20,logearn_logheight_male,HitAndRunSlicer,standard,single_step,none,4.011043760009186,7.499159990715901,9.905864474,1.512259e6,145.47079488272234,1.0,10.0
19,diamonds,HitAndRunSlicer,standard,single_step,none,6.850692244612163,0.017148705697580237,116.029400075,2.028527e6,131.84478517567655,1.0,10.0
10,kilpisjarvi,NUTS,standard,single_step,none,-63.11000538210001,883.8404206581375,3.707624109,1098830,194.1731463591035,0.0,0.00324475
9,kilpisjarvi,NUTS,standard,single_step,none,-60.1092824215,849.0018251938924,3.152198316,1126876,204.39566960295804,0.0,0.00279029
25,kilpisjarvi,HitAndRunSlicer,standard,single_step,none,-65.45543995170719,1035.8897864033706,2.537736016,2.057509e6,142.37537722088805,1.0,10.0
3,gp_pois_regr,NUTS,standard,single_step,none,5.682944490000001,0.5067423597406806,3.029853027,313042,258.6592107627049,0.0,0.0289002
19,garch11,NUTS,standard,single_step,none,5.051443259999999,0.014414338233806202,0.60034086,22757,428.25605619127066,0.0,0.312269
12,gp_pois_regr,HitAndRunSlicer,standard,single_step,none,5.576921772852255,0.4935202414813032,10.832487580999999,1.344707e6,143.37951481054094,1.0,10.0
19,kilpisjarvi,HitAndRunSlicer,standard,single_step,none,-62.0214206471984,964.0545260034639,2.437725011,2.074056e6,137.45157052513184,1.0,10.0
3,lotka_volterra,NUTS,standard,single_step,none,0.5481365189999999,0.004028530292428066,11.966513846,73238,277.6902732748995,0.0,0.0980498
8,logearn_logheight_male,HitAndRunSlicer,standard,single_step,none,3.1589691294495412,5.880699883220104,11.497067094,1.498965e6,151.56282206141177,1.0,10.0
6,eight_school_noncentered,HitAndRunSlicer,standard,single_step,none,0.33668754837144693,0.9947112848310001,0.71752426,94717.0,137.63201311673342,1.0,10.0
8,diamonds,HitAndRunSlicer,standard,single_step,none,6.925172889651667,0.017405994295033055,121.51100851300001,2.014522e6,131.85635782439417,1.0,10.0
8,garch11,NUTS,standard,single_step,none,5.056472049999999,0.013892716464161656,0.620988194,21563,377.59389497466344,0.0,0.349084
13,diamonds,HitAndRunSlicer,standard,single_step,none,6.748249700536178,0.045548839124821494,116.22365118100001,1.877968e6,131.5697352863026,1.0,10.0
11,garch11,HitAndRunSlicer,standard,single_step,none,5.0464477501147265,0.016532039235373757,0.9355162630000001,25935.0,116.95422854355856,1.0,10.0
23,diamonds,NUTS,standard,single_step,none,6.650712929999999,0.05730210552363874,130.43993089,1596118,193.31171328095365,0.0,0.00376692
8,kilpisjarvi,NUTS,standard,single_step,none,-61.154590680000005,908.8073994891969,3.273388826,1158589,217.3857861335221,0.0,0.00338379
17,eight_school_noncentered,HitAndRunSlicer,standard,single_step,none,0.257696235931671,0.9663247713124914,0.714122368,94431.0,142.05088241296087,1.0,10.0
9,logearn_logheight_male,NUTS,standard,single_step,none,3.4464706781800003,7.116387464557338,35.077184989,753121,326.2228549092856,0.0,0.00684542
17,lotka_volterra,HitAndRunSlicer,standard,single_step,none,0.5536695321919354,0.00412844112645767,92.592083418,590650.0,114.60151089205856,1.0,10.0
23,gp_pois_regr,NUTS,standard,single_step,none,5.650313410000001,0.49667254967995195,3.416828618,345922,243.75760161266157,0.0,0.0259016
21,kilpisjarvi,NUTS,standard,single_step,none,-61.5022368618,885.7886976146465,3.286645168,1185987,219.04801787671863,0.0,0.00260596
6,lotka_volterra,NUTS,standard,single_step,none,0.5481667250000001,0.0036336994771665413,10.715734828,66073,277.6216557329866,0.0,0.118586
29,gp_pois_regr,HitAndRunSlicer,standard,single_step,none,5.516091196132581,0.3777832251492339,10.743138549000001,1.350172e6,145.72760980083103,1.0,10.0
9,kilpisjarvi,HitAndRunSlicer,standard,single_step,none,-65.69718957203587,1184.4522834195534,2.718390395,2.107029e6,139.9280296429113,1.0,10.0
8,lotka_volterra,HitAndRunSlicer,standard,single_step,none,0.547412067753265,0.0038139799583650985,91.21631278000001,584092.0,116.88893448837109,1.0,10.0
16,gp_pois_regr,HitAndRunSlicer,standard,single_step,none,5.932131634315101,0.38971469229204475,10.572619698,1.334332e6,142.32454539634173,1.0,10.0
12,kilpisjarvi,NUTS,standard,single_step,none,-63.344642838,824.5153885202279,3.143323459,1110947,334.3230396366046,0.0,0.00422249
8,garch11,HitAndRunSlicer,standard,single_step,none,5.052050306205331,0.014947039190513142,1.270752983,51380.0,138.57881021739806,1.0,10.0
5,garch11,HitAndRunSlicer,standard,single_step,none,5.055945240968634,0.015156025991885596,1.209453436,51094.0,142.6144819358965,1.0,10.0
24,gp_pois_regr,HitAndRunSlicer,standard,single_step,none,5.494983336933954,0.39804895701686666,11.015175948,1.34047e6,143.90631862809943,1.0,10.0
18,eight_school_noncentered,NUTS,standard,single_step,none,0.36310674332,1.110364231304755,0.105793845,18980,448.0876911614645,0.0,0.404602
6,lotka_volterra,HitAndRunSlicer,standard,single_step,none,0.5409448739552583,0.0036779635880218268,91.331199106,589725.0,130.8719111443323,1.0,10.0
30,garch11,NUTS,standard,single_step,none,5.047280880000001,0.014919417094520118,0.616530161,24502,403.35314527741025,0.0,0.245611
11,gp_pois_regr,NUTS,standard,single_step,none,5.66532947,0.4232005496632824,3.434856989,348972,360.2919493217409,0.0,0.0250722
4,garch11,HitAndRunSlicer,standard,single_step,none,5.0543964244120385,0.016193764297158627,1.307171527,51231.0,116.49358467443649,1.0,10.0
20,logearn_logheight_male,NUTS,standard,single_step,none,3.4973174373999996,6.342884189130897,28.327991364,706364,209.45200021339798,0.0,0.00692872
30,lotka_volterra,HitAndRunSlicer,standard,single_step,none,0.5455121311597293,0.003772196938158326,185.82818380999998,1.190943e6,257.3608378796072,1.0,10.0
18,lotka_volterra,NUTS,standard,single_step,none,0.551532264,0.00466197352638669,11.640112706,68337,178.55970578020387,0.0,0.0551127
22,logearn_logheight_male,NUTS,standard,single_step,none,3.616953073009999,6.568075103627167,32.491487922,699208,340.9570572858222,0.0,0.00804697
1,eight_school_noncentered,NUTS,standard,single_step,none,0.30796810837599997,1.0688163260653716,0.116303724,25343,674.174234401859,0.0,0.300797
27,lotka_volterra,NUTS,standard,single_step,none,0.5423095109999999,0.0035360520528507295,11.267370051,70724,253.04025069211667,0.0,0.101915
27,lotka_volterra,HitAndRunSlicer,standard,single_step,none,0.5530066866302098,0.0045450395337789115,89.776969176,588403.0,109.83376821676832,1.0,10.0
2,garch11,HitAndRunSlicer,standard,single_step,none,5.04969718721422,0.01465793400952776,1.125793398,51224.0,174.94352424219485,1.0,10.0
12,logearn_logheight_male,HitAndRunSlicer,standard,single_step,none,3.6680169609475253,5.589078440676075,12.592189412,1.537319e6,155.73318241517137,1.0,10.0
19,eight_school_noncentered,NUTS,standard,single_step,none,0.3309793992599999,0.8741700413582851,0.18728241,20673,664.8675599879965,0.0,0.382315
22,kilpisjarvi,NUTS,standard,single_step,none,-61.09990339,905.442618088585,3.098016456,1108145,226.70752316115593,0.0,0.00396538
15,gp_pois_regr,NUTS,standard,single_step,none,5.67128242,0.4585574085665101,3.196475894,326447,275.46318320190215,0.0,0.0261833
13,eight_school_noncentered,NUTS,standard,single_step,none,0.32946805404129986,1.061400585844676,0.120429906,17838,434.3922000439233,0.0,0.472808
7,kilpisjarvi,HitAndRunSlicer,standard,single_step,none,-72.96888884120065,1472.68112870251,2.6903335850000003,2.096958e6,140.3202412857102,1.0,10.0
29,lotka_volterra,HitAndRunSlicer,standard,single_step,none,0.5394739825899785,0.004151612349496346,92.121572422,589392.0,117.86252589081022,1.0,10.0
23,lotka_volterra,NUTS,standard,single_step,none,0.5493683420000002,0.0047011121607457825,11.655199233,70173,220.15047031685913,0.0,0.102065
16,eight_school_noncentered,NUTS,standard,single_step,none,0.30381878528,0.9852464371559129,0.100322842,17292,475.74075039835515,0.0,0.412649
8,kilpisjarvi,HitAndRunSlicer,standard,single_step,none,-64.73242789135351,656.722488740675,2.501786745,2.092706e6,144.12171440414082,1.0,10.0
24,kilpisjarvi,NUTS,standard,single_step,none,-61.46365614999999,952.844964209682,3.278057175,1186666,248.98378756992318,0.0,0.00334865
11,diamonds,NUTS,standard,single_step,none,6.6522603799999995,0.05933000957002561,137.702940529,1602364,213.38535847238188,0.0,0.00373413
15,diamonds,HitAndRunSlicer,standard,single_step,none,6.631788591746655,0.04688820015574147,112.369688756,1.916458e6,131.48728110443577,1.0,10.0
5,gp_pois_regr,HitAndRunSlicer,standard,single_step,none,5.543571240565246,0.44615431658281157,9.960260954,1.346365e6,138.373418612278,1.0,10.0
26,kilpisjarvi,NUTS,standard,single_step,none,-63.42565203,688.9542813563941,2.555885437,1133573,285.93247462213816,0.0,0.00361662
30,gp_pois_regr,HitAndRunSlicer,standard,single_step,none,5.4209041882132665,0.4054161157517843,10.532300388,1.343851e6,141.81215260126334,1.0,10.0
2,kilpisjarvi,NUTS,standard,single_step,none,-62.800004757800004,901.6948399880171,3.110717729,1082271,255.67532541284518,0.0,0.00335854
15,garch11,HitAndRunSlicer,standard,single_step,none,5.054493388534093,0.014705011539129407,1.311953725,52071.0,150.88022425870358,1.0,10.0
30,garch11,HitAndRunSlicer,standard,single_step,none,5.053724209646468,0.014321121234205723,1.24520633,51055.0,135.73394814161884,1.0,10.0
6,eight_school_noncentered,NUTS,standard,single_step,none,0.32467323448999996,0.9327908795650965,0.099948542,18209,484.72534186760964,0.0,0.439817
11,lotka_volterra,HitAndRunSlicer,standard,single_step,none,0.5410283186550697,0.00407409157449433,92.35158259699999,591211.0,123.42372042221879,1.0,10.0
15,eight_school_noncentered,NUTS,standard,single_step,none,0.27163682828099994,0.8691935964905704,0.098159867,16119,385.81591450937043,0.0,0.485344
30,diamonds,HitAndRunSlicer,standard,single_step,none,6.755232544704566,0.07286825925095503,110.58570001000001,1.837774e6,134.00660924568143,1.0,10.0
24,lotka_volterra,HitAndRunSlicer,standard,single_step,none,0.5410148031852046,0.004402149256945949,91.54619185199999,590943.0,105.62348975182391,1.0,10.0
3,lotka_volterra,HitAndRunSlicer,standard,single_step,none,0.5449663309945809,0.003792331092652684,92.24314877,588046.0,118.57286619956,1.0,10.0
10,logearn_logheight_male,NUTS,standard,single_step,none,3.6156432044300004,6.9473475660503805,36.80171395,693229,223.51517224814899,0.0,0.00705606
20,garch11,HitAndRunSlicer,standard,single_step,none,5.050353406431783,0.014460186504814341,0.8667988309999999,25775.0,123.3629352052473,1.0,10.0
18,lotka_volterra,HitAndRunSlicer,standard,single_step,none,0.5530865924307526,0.003364528795066358,89.53320620299999,582318.0,125.52377779769373,1.0,10.0
22,lotka_volterra,HitAndRunSlicer,standard,single_step,none,0.5451071272273861,0.0033667598768480317,91.663406871,590902.0,143.22908723084447,1.0,10.0
9,gp_pois_regr,NUTS,standard,single_step,none,5.62836495,0.45360291949529274,2.715698668,280451,297.2257814400893,0.0,0.035596
12,logearn_logheight_male,NUTS,standard,single_step,none,3.7846948469999995,6.299953411510626,36.383400432,749945,330.91938411222725,0.0,0.00684244
30,kilpisjarvi,HitAndRunSlicer,standard,single_step,none,-57.05550304734778,788.3704681864941,2.5131813119999995,2.080889e6,143.72550238897728,1.0,10.0
20,eight_school_noncentered,NUTS,standard,single_step,none,0.32629598864000003,0.9315123929215686,0.085574332,17945,566.8526595581526,0.0,0.437319
26,eight_school_noncentered,NUTS,standard,single_step,none,0.31577886056,1.0187332445965365,0.100584382,18736,475.3134273804321,0.0,0.393717
13,lotka_volterra,HitAndRunSlicer,standard,single_step,none,0.543148384610852,0.003951100636893181,92.01204693700001,591876.0,127.78488515355016,1.0,10.0
13,diamonds,NUTS,standard,single_step,none,6.66442021,0.06592580197563154,123.463776953,1540007,232.17405017640456,0.0,0.00449602
1,garch11,NUTS,standard,single_step,none,5.050080219999999,0.015057604585336936,0.656412261,22866,352.14746210640084,0.0,0.310476
3,gp_pois_regr,HitAndRunSlicer,standard,single_step,none,5.874024558426969,0.3645301648367291,10.835787548999999,1.365301e6,138.94476939554937,1.0,10.0
4,garch11,NUTS,standard,single_step,none,5.047662679999999,0.014154510414632235,0.632023943,23277,376.05962436315855,0.0,0.284663
21,diamonds,NUTS,standard,single_step,none,6.671301639999999,0.06411466398009048,144.513063077,1579515,267.9754476443716,0.0,0.00383077
2,kilpisjarvi,HitAndRunSlicer,standard,single_step,none,-57.61231223811422,673.6792331220386,2.4872613550000002,2.071285e6,146.96543418356177,1.0,10.0
23,kilpisjarvi,NUTS,standard,single_step,none,-59.694146645000004,994.7951703644624,3.156355477,1129435,304.81694620715547,0.0,0.00275512
15,gp_pois_regr,HitAndRunSlicer,standard,single_step,none,5.585341967375057,0.4438541841633657,10.752243794,1.332964e6,143.68749632960592,1.0,10.0
20,diamonds,HitAndRunSlicer,standard,single_step,none,6.668058622926272,0.03412399851599751,121.633636639,1.941239e6,132.53288368367194,1.0,10.0
10,gp_pois_regr,NUTS,standard,single_step,none,5.6658291400000005,0.42918364292258293,3.400035442,351081,330.940222744035,0.0,0.0242397
11,diamonds,HitAndRunSlicer,standard,single_step,none,6.757381920327605,0.05962491973420386,112.14442531099999,1.789492e6,132.5416872353321,1.0,10.0
7,lotka_volterra,HitAndRunSlicer,standard,single_step,none,0.5450917562229233,0.003550911928838308,91.138927401,586446.0,128.1533315380922,1.0,10.0
27,garch11,NUTS,standard,single_step,none,5.052600409999998,0.013505352805337238,0.573657712,22709,351.6276209713201,0.0,0.304634
24,diamonds,HitAndRunSlicer,standard,single_step,none,6.61180013398285,0.050502210944157466,116.227808115,1.846926e6,131.64466265648397,1.0,10.0
3,kilpisjarvi,HitAndRunSlicer,standard,single_step,none,-57.65383999274538,806.1506903424998,2.832018988,2.047284e6,150.49584385003362,1.0,10.0
7,eight_school_noncentered,HitAndRunSlicer,standard,single_step,none,0.31020489121220757,0.8647995645139926,0.6890046339999999,47568.0,115.36031055348151,1.0,10.0
24,garch11,HitAndRunSlicer,standard,single_step,none,5.056248606742633,0.01597143743313846,0.9035531830000001,25966.0,118.44398635137932,1.0,10.0
13,garch11,NUTS,standard,single_step,none,5.048813280000001,0.01295915712596757,0.658196987,22160,299.9011165553888,0.0,0.324913
20,lotka_volterra,NUTS,standard,single_step,none,0.542965871,0.004508573852604965,8.761259763,68003,160.45386300971325,0.0,0.112623
17,gp_pois_regr,HitAndRunSlicer,standard,single_step,none,5.687772754580154,0.2508198787334256,10.617885014999999,1.341465e6,140.64447881059806,1.0,10.0
29,garch11,HitAndRunSlicer,standard,single_step,none,5.05178212150305,0.013954521524694268,0.9534467310000001,25527.0,125.83795662149748,1.0,10.0
22,lotka_volterra,NUTS,standard,single_step,none,0.5461907109999999,0.003808891122219699,11.350692514,70915,184.28703462384632,0.0,0.0959695
16,gp_pois_regr,NUTS,standard,single_step,none,5.65865417,0.43272493343014123,2.720102649,280277,248.53125849056633,0.0,0.0313307
8,gp_pois_regr,NUTS,standard,single_step,none,5.71353085,0.4523557653555329,2.97039982,305094,225.25127704858204,0.0,0.0302023
21,lotka_volterra,NUTS,standard,single_step,none,0.5469802029999999,0.004504895480426217,11.22519432,69834,240.53519129285826,0.0,0.102159
26,kilpisjarvi,HitAndRunSlicer,standard,single_step,none,-55.09020059555148,1293.8180998988514,2.438971802,2.053176e6,138.3978948044007,1.0,10.0
21,kilpisjarvi,HitAndRunSlicer,standard,single_step,none,-52.36875403392925,616.8312490100691,2.5319229950000004,2.06525e6,145.88400817314974,1.0,10.0
5,eight_school_noncentered,HitAndRunSlicer,standard,single_step,none,0.2878251113564084,0.9443416673257237,0.8363053149999998,95134.0,169.06335522410566,1.0,10.0
21,logearn_logheight_male,NUTS,standard,single_step,none,3.6255157099400006,5.659804474442391,32.622299792,690847,298.944671499683,0.0,0.00776362
25,garch11,NUTS,standard,single_step,none,5.04445045,0.014845609986083579,0.566377094,21424,387.2610085965721,0.0,0.361265
27,diamonds,NUTS,standard,single_step,none,6.6461479,0.06036411999178177,137.092183768,1655491,187.80968286939995,0.0,0.0034158
25,logearn_logheight_male,NUTS,standard,single_step,none,3.524603692300001,7.06859477685277,33.639732424,709918,298.8813774414344,0.0,0.00731767
27,eight_school_noncentered,HitAndRunSlicer,standard,single_step,none,0.3035698084828357,0.9556941450387929,0.7599521459999999,94791.0,156.34639178153998,1.0,10.0
17,garch11,HitAndRunSlicer,standard,single_step,none,5.0501888193422575,0.014822189753245101,1.2417242789999998,51486.0,155.39051055102192,1.0,10.0
22,garch11,HitAndRunSlicer,standard,single_step,none,5.053729537424863,0.01576430907744637,1.3170945989999998,51131.0,177.9224840063516,1.0,10.0
12,kilpisjarvi,HitAndRunSlicer,standard,single_step,none,-68.80181861847511,1077.479816899969,2.603194233,2.090016e6,139.36963196517542,1.0,10.0
15,kilpisjarvi,HitAndRunSlicer,standard,single_step,none,-59.80205695955507,619.6725743977532,2.730945326,2.101154e6,147.19535235820757,1.0,10.0
4,kilpisjarvi,HitAndRunSlicer,standard,single_step,none,-45.38722039429298,835.5479813462424,2.406211876,2.032249e6,145.92982305163997,1.0,10.0
13,kilpisjarvi,NUTS,standard,single_step,none,-58.808626813,834.0102329936236,3.168453471,1112837,238.68725228745413,0.0,0.00331388
29,eight_school_noncentered,NUTS,standard,single_step,none,0.26956388273500004,0.9827884768458482,0.105656459,21449,648.6145852022958,0.0,0.379089
30,gp_pois_regr,NUTS,standard,single_step,none,5.610930639999999,0.47810230273612647,2.244502115,306641,342.69797893518927,0.0,0.0288503
10,lotka_volterra,NUTS,standard,single_step,none,0.5555090229999999,0.00422903670758806,11.564670901,69212,223.02667790151725,0.0,0.101568
19,lotka_volterra,NUTS,standard,single_step,none,0.5523380416774194,0.007539892160104073,312.338540082,1870270,140.68444329506406,0.0,0.104197
10,eight_school_noncentered,NUTS,standard,single_step,none,0.24275036545000003,0.8597749443063492,0.11265011,17244,613.0983345805208,0.0,0.439788
25,logearn_logheight_male,HitAndRunSlicer,standard,single_step,none,3.354179835198361,5.752079570092234,12.078499177000001,1.529845e6,155.84222758023986,1.0,10.0
17,gp_pois_regr,NUTS,standard,single_step,none,5.683269930000001,0.42471657918728234,3.369486153,347609,333.35435243844574,0.0,0.0251025
1,eight_school_noncentered,HitAndRunSlicer,standard,single_step,none,0.3627218064117763,0.9897229966188619,0.7368544750000001,94688.0,112.05937781531105,1.0,10.0
16,diamonds,HitAndRunSlicer,standard,single_step,none,6.744912118806929,0.01224933912755089,119.940593844,1.990223e6,134.1269614822572,1.0,10.0
18,gp_pois_regr,NUTS,standard,single_step,none,5.686109479999999,0.39878788626659617,2.88629566,295075,270.84535245729427,0.0,0.0316176
7,logearn_logheight_male,HitAndRunSlicer,standard,single_step,none,2.6484010493757846,7.015068821764969,12.749021563,1.515497e6,150.80079365023278,1.0,10.0
1,garch11,HitAndRunSlicer,standard,single_step,none,5.054963881703847,0.014928034118597248,1.2603331020000001,51140.0,165.17022019375128,1.0,10.0
27,gp_pois_regr,NUTS,standard,single_step,none,5.64053815,0.4427800304867643,3.04800022,311401,267.8479916586484,0.0,0.0290321
15,eight_school_noncentered,HitAndRunSlicer,standard,single_step,none,0.33248888571566154,1.017040389899019,0.7223177039999998,95301.0,150.4115794637908,1.0,10.0
15,logearn_logheight_male,HitAndRunSlicer,standard,single_step,none,3.323561006845872,5.485587717164337,12.068200657999999,1.515867e6,155.5703229291922,1.0,10.0
29,kilpisjarvi,HitAndRunSlicer,standard,single_step,none,-61.975712998972284,637.7591050016786,2.414741274,2.048874e6,142.67887862073297,1.0,10.0
29,logearn_logheight_male,HitAndRunSlicer,standard,single_step,none,3.8637370498555277,6.525495631127766,11.682163179,1.510524e6,154.57145792755978,1.0,10.0
6,diamonds,HitAndRunSlicer,standard,single_step,none,6.575977297645912,0.03297991707312453,123.103585961,2.001227e6,132.21729057410022,1.0,10.0
17,logearn_logheight_male,NUTS,standard,single_step,none,3.56222300691,6.1720413717277225,31.870921497,667805,193.92187333072235,0.0,0.00782602
3,kilpisjarvi,NUTS,standard,single_step,none,-61.109771035,920.2853773611996,2.901918593,1019213,222.4624787702186,0.0,0.00379505
16,garch11,HitAndRunSlicer,standard,single_step,none,5.048984148078457,0.01505098622111883,1.281814248,51672.0,192.712778586149,1.0,10.0
29,diamonds,HitAndRunSlicer,standard,single_step,none,6.651014521309409,0.029745932795797302,122.38426453299999,2.041488e6,131.694955884928,1.0,10.0
26,gp_pois_regr,HitAndRunSlicer,standard,single_step,none,5.514479270650057,0.42259474417541926,10.793020686,1.349223e6,139.42561327498154,1.0,10.0
13,eight_school_noncentered,HitAndRunSlicer,standard,single_step,none,0.29093340327609774,0.8544030082295299,0.6319088410000002,48070.0,112.58136094930485,1.0,10.0
14,kilpisjarvi,NUTS,standard,single_step,none,-64.0695412688,973.8287131944679,3.186335924,1117962,162.961668847712,0.0,0.00336149
7,gp_pois_regr,NUTS,standard,single_step,none,5.614739600000001,0.43021520250434425,2.707402269,276853,220.95342348480042,0.0,0.0347334
3,logearn_logheight_male,HitAndRunSlicer,standard,single_step,none,4.476756677709356,4.9043242433241865,13.821528984,1.514859e6,155.2152620113076,1.0,10.0
12,garch11,HitAndRunSlicer,standard,single_step,none,5.053706840531166,0.01568771922925309,1.3135444230000002,51511.0,173.37910539515087,1.0,10.0
13,garch11,HitAndRunSlicer,standard,single_step,none,5.04689131286523,0.01651633598903533,1.2661383710000003,51493.0,120.37385301654163,1.0,10.0
9,lotka_volterra,HitAndRunSlicer,standard,single_step,none,0.5342918729250894,0.0036249045317655756,91.972699152,589379.0,120.63704262686169,1.0,10.0
27,kilpisjarvi,HitAndRunSlicer,standard,single_step,none,-57.489463575816984,865.618783977116,2.6402019709999998,2.089321e6,142.6973806777853,1.0,10.0
21,gp_pois_regr,HitAndRunSlicer,standard,single_step,none,5.813926898460216,0.37366607915710226,10.598799908,1.347416e6,144.18292879666288,1.0,10.0
28,eight_school_noncentered,NUTS,standard,single_step,none,0.3085538407430001,0.887497603590259,0.10774406,22296,714.9247291441022,0.0,0.323763
28,garch11,HitAndRunSlicer,standard,single_step,none,5.054277320365227,0.015498773872990479,1.276184357,51145.0,211.1753162227041,1.0,10.0
22,kilpisjarvi,HitAndRunSlicer,standard,single_step,none,-58.42386403444076,784.5345477480208,2.4946771520000004,2.051025e6,141.77530461461208,1.0,10.0
24,garch11,NUTS,standard,single_step,none,5.05060866,0.015199072753958352,0.600957849,23638,410.0636486743134,0.0,0.282274
16,eight_school_noncentered,HitAndRunSlicer,standard,single_step,none,0.283593705848696,0.9209631533727208,0.7778381759999999,95703.0,205.71025579513804,1.0,10.0
23,gp_pois_regr,HitAndRunSlicer,standard,single_step,none,5.756870563989043,0.650560650634256,10.776002528,1.355201e6,139.69356699495347,1.0,10.0
9,lotka_volterra,NUTS,standard,single_step,none,0.5546599170000001,0.004047980783141254,11.00031631,68263,230.84997371744714,0.0,0.118051
25,gp_pois_regr,NUTS,standard,single_step,none,5.611295870000001,0.43362449056140445,3.388518525,345675,351.52964368974614,0.0,0.0255106
13,kilpisjarvi,HitAndRunSlicer,standard,single_step,none,-58.81153292230733,805.2368586157648,2.44100756,2.067749e6,143.88092838900002,1.0,10.0
24,eight_school_noncentered,NUTS,standard,single_step,none,0.323264502897,1.0444262250210667,0.095141704,15649,524.4310968363925,0.0,0.477256
6,logearn_logheight_male,NUTS,standard,single_step,none,3.71240765718,7.025272962315325,30.143055107,661287,287.5280115384048,0.0,0.00846709
18,logearn_logheight_male,NUTS,standard,single_step,none,3.4792514909600003,7.109433864859092,31.222490607,672048,209.2673373104997,0.0,0.00770265
28,garch11,NUTS,standard,single_step,none,5.046850399999999,0.01597141161805806,0.590827748,23414,470.43513233189816,0.0,0.301956
6,garch11,NUTS,standard,single_step,none,5.053672090000001,0.015784549341873774,0.570930273,22582,525.2459523540987,0.0,0.352682
1,kilpisjarvi,HitAndRunSlicer,standard,single_step,none,-72.6895955665266,1095.3256038275028,2.641797813,2.0646e6,142.0054386748926,1.0,10.0
22,diamonds,NUTS,standard,single_step,none,6.66808602,0.058574121482041636,125.442879795,1530358,238.01711384371427,0.0,0.00435502
20,diamonds,NUTS,standard,single_step,none,6.644082620000002,0.0605572213586943,130.96336938,1624658,183.36484372133782,0.0,0.0038154
26,logearn_logheight_male,NUTS,standard,single_step,none,3.26157436688,6.616605268542474,30.98585301,652553,154.17842660520546,0.0,0.00717281
28,kilpisjarvi,HitAndRunSlicer,standard,single_step,none,-68.36197740641286,479.09591364617773,2.621398414,2.07406e6,149.03058837758775,1.0,10.0
4,gp_pois_regr,HitAndRunSlicer,standard,single_step,none,5.92442207856775,0.3802375643878148,10.937303164,1.356043e6,139.8011315815446,1.0,10.0
23,eight_school_noncentered,NUTS,standard,single_step,none,0.31162016649,0.9771309914851284,0.126189741,19552,618.6882981493658,0.0,0.397895
12,lotka_volterra,NUTS,standard,single_step,none,0.550435809,0.0038031419500645825,11.554926647,65601,280.20432173571584,0.0,0.0423542
20,lotka_volterra,HitAndRunSlicer,standard,single_step,none,0.5634319771945161,0.004108987138991376,77.62837683000001,588889.0,121.52774132862832,1.0,10.0
12,eight_school_noncentered,HitAndRunSlicer,standard,single_step,none,0.26842414165731954,0.9848974403135192,0.7997206879999998,94610.0,171.43873552292055,1.0,10.0
14,kilpisjarvi,HitAndRunSlicer,standard,single_step,none,-67.42067497811706,1029.9082396583851,2.766341671,2.07787e6,141.01695341554026,1.0,10.0
24,logearn_logheight_male,NUTS,standard,single_step,none,3.7484914415999993,6.677845855784947,31.182672406,681967,315.8267238401793,0.0,0.00783836
4,lotka_volterra,HitAndRunSlicer,standard,single_step,none,0.5475700985445354,0.003833443455564384,92.066869828,586839.0,123.25494099438879,1.0,10.0
1,gp_pois_regr,HitAndRunSlicer,standard,single_step,none,5.694463632936376,0.3651474371775001,10.827575701,1.357358e6,142.83091513039358,1.0,10.0
3,logearn_logheight_male,NUTS,standard,single_step,none,3.8894043423399998,6.667793074815284,33.339480987,687014,234.29439102544424,0.0,0.00692054
10,logearn_logheight_male,HitAndRunSlicer,standard,single_step,none,2.5455737044883016,7.904716975458487,13.622744535999999,1.501946e6,147.443753794952,1.0,10.0
7,garch11,NUTS,standard,single_step,none,5.05845564,0.014076007794384785,0.630535246,22940,386.5074500100005,0.0,0.344425
25,eight_school_noncentered,HitAndRunSlicer,standard,single_step,none,0.2830799387371283,0.9324597126704721,0.789453508,94638.0,221.46752008696615,1.0,10.0
26,garch11,HitAndRunSlicer,standard,single_step,none,5.054580671119602,0.01465712852967701,1.1882536570000002,51434.0,147.4704648231622,1.0,10.0
22,garch11,NUTS,standard,single_step,none,5.054765240000001,0.016506161633575975,0.636964719,22470,468.98308777094303,0.0,0.292532
17,eight_school_noncentered,NUTS,standard,single_step,none,0.31364784519000005,0.9128956087638714,0.198142299,16257,673.835373766876,0.0,0.496905
8,eight_school_noncentered,HitAndRunSlicer,standard,single_step,none,0.3317946894215217,0.9000360934124784,0.6790394060000001,47720.0,118.45993982632186,1.0,10.0
14,lotka_volterra,NUTS,standard,single_step,none,0.5543547090000001,0.004930041801824142,11.91155627,74277,195.92401459628212,0.0,0.0964936
30,eight_school_noncentered,NUTS,standard,single_step,none,0.34123263187999997,1.0249205692894103,0.107110954,21283,629.4548581189734,0.0,0.378165
16,kilpisjarvi,HitAndRunSlicer,standard,single_step,none,-64.53010328292993,809.4356044376673,2.479936057,2.086462e6,143.60588157107702,1.0,10.0
15,logearn_logheight_male,NUTS,standard,single_step,none,3.829718571999,7.067725777634268,34.555444141,736969,274.332193373604,0.0,0.00631305
16,diamonds,NUTS,standard,single_step,none,6.6629129,0.05978852005804804,133.146630446,1656409,226.42747168049848,0.0,0.00366873
25,lotka_volterra,NUTS,standard,single_step,none,0.5507684620000001,0.00493300859025281,12.161284752,76239,183.06029789400344,0.0,0.0934965
30,logearn_logheight_male,HitAndRunSlicer,standard,single_step,none,4.031887262280721,4.68187292259122,12.187870015,1.518696e6,159.96477162006235,1.0,10.0
4,gp_pois_regr,NUTS,standard,single_step,none,5.724564829999999,0.4710025506057768,3.236056551,320473,348.56302632116865,0.0,0.0277683
30,logearn_logheight_male,NUTS,standard,single_step,none,3.49804384311,6.927056201184752,33.540050572,671737,274.76609243093105,0.0,0.00722749
26,lotka_volterra,HitAndRunSlicer,standard,single_step,none,0.5543557062170891,0.0036656030026630264,72.825013501,589842.0,121.75217395613748,1.0,10.0
27,kilpisjarvi,NUTS,standard,single_step,none,-61.638363844,736.4368211401154,3.186385114,1110775,197.96873773021684,0.0,0.00349983
24,logearn_logheight_male,HitAndRunSlicer,standard,single_step,none,3.4295289496108015,5.314096191701441,13.746220047000001,1.526513e6,153.79359684888146,1.0,10.0
10,gp_pois_regr,HitAndRunSlicer,standard,single_step,none,5.54499018390771,0.5123160504186443,10.990723759000002,1.34445e6,140.50182404841863,1.0,10.0
17,lotka_volterra,NUTS,standard,single_step,none,0.551561608,0.004736009961768104,11.222606759,65787,187.81124523744458,0.0,0.0788962
13,logearn_logheight_male,NUTS,standard,single_step,none,3.4745167267,7.252827860396789,34.393404786,728314,237.47515887878814,0.0,0.00663717
9,diamonds,NUTS,standard,single_step,none,6.650381679999999,0.058386484622800404,131.520347477,1639141,190.10614758108176,0.0,0.00368152
6,logearn_logheight_male,HitAndRunSlicer,standard,single_step,none,3.3862726610453864,9.111050872171303,13.854842529999999,1.510884e6,149.11968426268965,1.0,10.0
19,logearn_logheight_male,HitAndRunSlicer,standard,single_step,none,3.8259194368056995,7.284794128762033,11.823520503000001,1.505955e6,151.5820533269326,1.0,10.0
6,gp_pois_regr,NUTS,standard,single_step,none,5.624731590000001,0.43896789010808,2.962185334,296057,327.5414203578452,0.0,0.0294645
25,diamonds,NUTS,standard,single_step,none,6.64479046,0.057683915786374766,127.569793533,1564678,168.7875225069506,0.0,0.00366482
22,eight_school_noncentered,NUTS,standard,single_step,none,0.30969061149899996,1.0376301000861412,0.18039222,16821,539.3289679373784,0.0,0.527075
11,eight_school_noncentered,HitAndRunSlicer,standard,single_step,none,0.3133623021644904,1.0057424827919172,0.6401846359999999,47124.0,114.20170511622719,1.0,10.0
15,garch11,NUTS,standard,single_step,none,5.055661260000002,0.011942469335347743,0.599030922,23715,568.3434098176508,0.0,0.306356
4,logearn_logheight_male,NUTS,standard,single_step,none,3.6593241447709994,8.20287463791558,26.202955755,710695,215.77294728418028,0.0,0.00688429
17,kilpisjarvi,HitAndRunSlicer,standard,single_step,none,-52.77996829074663,716.6307468453037,2.4880497339999996,2.053018e6,144.4940069361443,1.0,10.0
21,logearn_logheight_male,HitAndRunSlicer,standard,single_step,none,4.057663407046367,5.931046971188684,12.495680596,1.512583e6,154.92286220824627,1.0,10.0
3,eight_school_noncentered,NUTS,standard,single_step,none,0.31233784245999996,1.0239584031768942,0.117106303,16934,713.7761943804184,0.0,0.440393
19,diamonds,NUTS,standard,single_step,none,6.651158510000001,0.06502297147295284,100.098465191,1581664,202.27528845889867,0.0,0.00389715
5,lotka_volterra,NUTS,standard,single_step,none,0.5471854829999999,0.004714309693639351,11.997728318,74664,267.5043721167194,0.0,0.0905791
18,kilpisjarvi,HitAndRunSlicer,standard,single_step,none,-58.617800720355206,531.381407385678,2.458289701,2.055879e6,148.09244740520433,1.0,10.0
